大兴-旧宫 红星楼 二居室 首次出租 拎包入住 随时看房,116.43346474178,39.812448247842,3800,https://beijing.baixing.com/zhengzu/a1945983808.html?from=vipding
大兴-旧宫.清欣园3室南朝向主卧，拎包入住，期待您的入住,116.449074453,39.810860845344,1750,https://beijing.baixing.com/zhengzu/a1952216338.html?from=vip
地铁房张郭庄小区(丰台-长辛店) 平房1厅 中等装修,116.20054370023,39.857528085179,3000,https://beijing.baixing.com/zhengzu/a2038652982.html?from=vip
大兴-旧宫.润星家园 2室1厅96平米 中等装修 押一付三,116.45027262996,39.822340542108,5500,https://beijing.baixing.com/zhengzu/a1948704262.html?from=vip
雍和宫四合院出租 北新桥四合院出租 租售四合院110套,,,40000,https://beijing.baixing.com/zhengzu/a2064341228.html?from=vip
大兴-旧宫.亦庄北岸精装温馨两居室超干净整洁值得看一眼的房子,,,4900,https://beijing.baixing.com/zhengzu/a1948790299.html?from=vip
地铁房园博派(丰台) 普通住宅2室1厅 精装修,116.20053080498,39.860386106064,4500,https://beijing.baixing.com/zhengzu/a2051464010.html?from=vip
大兴-旧宫.葛洲坝紫郡府 3室1厅130平米 精装修 押一付,,,10000,https://beijing.baixing.com/zhengzu/a1948628361.html?from=vip
大兴-旧宫.亦庄北岸 2室1厅96平米 精装修 地铁物业,,,5300,https://beijing.baixing.com/zhengzu/a1948790400.html?from=vip
地铁房张郭庄小区(丰台-长辛店) 普通住宅1厅 精装修,116.20054370023,39.857528085179,2800,https://beijing.baixing.com/zhengzu/a2051467232.html?from=vip
西城四合院出租 鼓楼四合院出租 北京四合院出租,,,215500,https://beijing.baixing.com/zhengzu/a2064683756.html?from=vip
大兴-旧宫，葛洲坝紫郡府 9000元/月，家具家电齐全,,,9000,https://beijing.baixing.com/zhengzu/a1948629681.html?from=vip
大兴-旧宫 葛洲坝紫郡府 3室1厅110平米 精装修 押一付,,,9500,https://beijing.baixing.com/zhengzu/a1948630367.html?from=vip
地铁房张郭庄小区(丰台-长辛店) 普通住宅1厅 中等装修,116.20054370023,39.857528085179,2400,https://beijing.baixing.com/zhengzu/a2051453932.html?from=vip
景山四合院出租 北海四合院出租 租售四合院110套,,,140000,https://beijing.baixing.com/zhengzu/a2064339389.html?from=vip
大兴-旧宫.亦庄北岸 1室0厅40平米 精装修 拎包入住,,,3200,https://beijing.baixing.com/zhengzu/a1948631108.html?from=vip
崇文门西大街 临北京站 北京医院同仁 紧邻地铁站,116.41908712637,39.906886822791,3900,https://beijing.baixing.com/zhengzu/a2045161873.html?from=vip
北河沿大街 美术馆 东四 骑河楼妇产 南池子大街附近一居,116.41768381045,39.92963075972,6000,https://beijing.baixing.com/zhengzu/a2038763170.html?from=vip
张郭庄 上和园 精装一居室 家具家电全新 全齐出租,116.19299602839,39.866830112807,3500,https://beijing.baixing.com/zhengzu/a2044464335.html?from=vip
东直门内大街精装平房里外套间 紧邻簋街 北新桥,116.43527864023,39.947048458583,3000,https://beijing.baixing.com/zhengzu/a2045190444.html?from=vip
大兴-旧宫.清逸园 2室1厅70平米 精装修 地铁物业,,,4150,https://beijing.baixing.com/zhengzu/a1948631800.html?from=vip
地铁房园博派(丰台) 普通住宅1厅 简单装修,116.20053080498,39.860386106064,3200,https://beijing.baixing.com/zhengzu/a2051460638.html?from=vip
天坛西里东区精装一居中装一居 紧邻永定门公园 首都图书馆 珠,116.40842222449,39.881712476819,3400,https://beijing.baixing.com/zhengzu/a2059684214.html?from=vip
呼家楼 东大桥地铁 复星 朝外 央视新址 关东店北街精装一居,116.46496073756,39.928439884223,6000,https://beijing.baixing.com/zhengzu/a2026884312.html?from=vip
大兴-旧宫.亦庄北岸 2室1厅95平米 精装修 押一付三。,,,5200,https://beijing.baixing.com/zhengzu/a1948790755.html?from=vip
什刹海四合院出租 西城四合院出租 北京四合院出租,,,216666,https://beijing.baixing.com/zhengzu/a2064297653.html?from=vip
大兴-旧宫.育龙家园 豪装两居室两厅 全南北朝向 诚意出租,,,5000,https://beijing.baixing.com/zhengzu/a1948633086.html?from=vip
地铁房张郭庄小区(丰台-长辛店) 普通住宅1厅 简单装修,116.20054370023,39.857528085179,2200,https://beijing.baixing.com/zhengzu/a2051455543.html?from=vip
大兴-旧宫.育龙家园 高档住宅【全套家具家电】拎包入住,,,5600,https://beijing.baixing.com/zhengzu/a1948634403.html?from=vip
什刹海四合院出租 后海四合院出租 租售四合院套,,,120000,https://beijing.baixing.com/zhengzu/a2064068664.html?from=vip
地铁房张郭庄小区(丰台-长辛店) 普通住宅1厅 中等装修,116.20054370023,39.857528085179,3000,https://beijing.baixing.com/zhengzu/a2051469897.html?from=vip
大兴-旧宫.育龙家园 精装修2室 ， 位置好，期待您的入住,,,5100,https://beijing.baixing.com/zhengzu/a1948635080.html?from=vip
大兴-旧宫.育龙家园南向，家电齐全，拎包入住!,,,2300,https://beijing.baixing.com/zhengzu/a1952147399.html?from=vip
地铁房张郭庄小区(丰台-长辛店) 普通住宅1厅 中等装修,116.20054370023,39.857528085179,3000,https://beijing.baixing.com/zhengzu/a2051472256.html?from=vip
东亚五环 精装修 有钥匙 亦庄线 看房随时,,,1500,https://beijing.baixing.com/zhengzu/a1954273015.html?from=vip
府右街四合院出租 西城四合院出租 租四合院,,,160000,https://beijing.baixing.com/zhengzu/a2063332200.html?from=vip
大兴-旧宫.亦庄北岸3室1厅110平 双卧朝南北一样大,,,6800,https://beijing.baixing.com/zhengzu/a1948696177.html?from=vip
地铁房张郭庄小区(丰台-长辛店) 普通住宅1厅 简单装修,116.20054370023,39.857528085179,2100,https://beijing.baixing.com/zhengzu/a2051457563.html?from=vip
合租东亚 家电齐全 温馨舒适 装修好 有钥匙 看房随时,,,1750,https://beijing.baixing.com/zhengzu/a1954272107.html?from=vip
北海四合院出租 什刹海四合院出租 租四合院,,,300000,https://beijing.baixing.com/zhengzu/a2063327244.html?from=vip
精装卧室 精装卧室  东亚五环国际 有钥匙 看房方便,,,1650,https://beijing.baixing.com/zhengzu/a1954270090.html?from=vip
大兴-旧宫.云龙家园 2室1厅 100平米 精装修 带有一层,116.44080787649,39.813594680389,5000,https://beijing.baixing.com/zhengzu/a1948636449.html?from=vip
东亚五环国际 装修好 有钥匙 看房方便,,,1800,https://beijing.baixing.com/zhengzu/a1954269099.html?from=vip
后海四合院出租 什刹海四合院出租 北京四合院出租,,,208000,https://beijing.baixing.com/zhengzu/a2063321847.html?from=vip
大兴-旧宫，整租红星楼 3室1厅 南北,116.42248195901,39.782334605335,3800,https://beijing.baixing.com/zhengzu/a1954263910.html?from=vip
直租 旧宫 清逸园 正规三居 次卧,,,1450,https://beijing.baixing.com/zhengzu/a1954261345.html?from=vip
东单四合院出租 东城四合院出租 北京四合院出租出售,,,90000,https://beijing.baixing.com/zhengzu/a2063318877.html?from=vip
旧宫庑殿路 旺兴湖公园 庑殿家苑精装主次卧 适合上班族,,,1850,https://beijing.baixing.com/zhengzu/a1954260409.html?from=vip
大兴-旧宫菊源里小区 交通便利 精装全齐 随时看房 拎包入住,,,1550,https://beijing.baixing.com/zhengzu/a1954258496.html?from=vip
大兴-旧宫.宣颐家园2室1厅45平 双卧朝西一样大,116.46230272028,39.819506402833,4200,https://beijing.baixing.com/zhengzu/a1948697512.html?from=vip
张郭庄地铁300米 西山甲一号 精装一居 配全齐,116.19299602839,39.866830112807,3300,https://beijing.baixing.com/zhengzu/a2038844349.html?from=vip
金融街四合院出租 西城四合院出租 北京四合院出租,,,160000,https://beijing.baixing.com/zhengzu/a2063312612.html?from=vip
庑殿家苑A区 2时 品质合租 设施齐全 宽敞南卧,,,1900,https://beijing.baixing.com/zhengzu/a1954255708.html?from=vip
大兴旧宫佳和园 清逸西园 物美超市附近,,,1600,https://beijing.baixing.com/zhengzu/a1954255080.html?from=vip
庑殿家苑A区 温馨舒适 正规居室 地铁方便出行,,,1900,https://beijing.baixing.com/zhengzu/a1954254709.html?from=vip
清乐园 3室1厅1卫 主卧 朝南,,,1650,https://beijing.baixing.com/zhengzu/a1954253805.html?from=vip
大兴-旧宫.佳和园主卧采光好 随时咨询 家电齐全 精装修,116.43025203307,39.831250885259,1700,https://beijing.baixing.com/zhengzu/a1952118133.html?from=vip
清乐园  临德贤路 交通方便  价格优惠  随时看房,,,1600,https://beijing.baixing.com/zhengzu/a1954251901.html?from=vip
清乐园 主次卧  好房子 精装修 配置齐全 拎包入住,,,1600,https://beijing.baixing.com/zhengzu/a1954250986.html?from=vip
清逸西园 一层 主卧 超大阳台 精装修 随时看房,,,2100,https://beijing.baixing.com/zhengzu/a1954250011.html?from=vip
大兴-旧宫.宣颐家园 3室1厅 100平米 精装修,116.46230272028,39.819506402833,7200,https://beijing.baixing.com/zhengzu/a1948698212.html?from=vip
大兴-旧宫.精装修，急租清乐园1450元/月，家具家电齐全,,,1450,https://beijing.baixing.com/zhengzu/a1954246768.html?from=vip
大兴-旧宫.庑殿家苑A区三家大主卧精装修，超值精品，随时看房,,,2400,https://beijing.baixing.com/zhengzu/a1954244048.html?from=vip
大兴-旧宫.家具家电全齐，南北向5300元/月，拎包即住！,116.45027262996,39.822340542108,5300,https://beijing.baixing.com/zhengzu/a1948699543.html?from=vip
大兴-旧宫.云龙家园 精装南向次卧 拎包入住 包物业取暖！,116.44080787649,39.813594680389,1700,https://beijing.baixing.com/zhengzu/a1954237657.html?from=vip
大兴-旧宫.无中介润枫锦尚 精装主卧阳台和次卧 拎包入住,116.4286063823,39.792647385977,2000,https://beijing.baixing.com/zhengzu/a1954239700.html?from=vip
大兴-旧宫.育龙家园，精装修大主卧干净亮丽，美观，拎包入住,,,2200,https://beijing.baixing.com/zhengzu/a1954235710.html?from=vip
大兴-旧宫.新房 德林园 精装大主卧，拎包入住,,,2100,https://beijing.baixing.com/zhengzu/a1952104901.html?from=vip
红山郡 电梯正规1居室租金2500 照片  手慢无,116.17448159251,39.870502539448,2550,https://beijing.baixing.com/zhengzu/a2038841198.html?from=vip
大兴-旧宫.清乐园，精装修，干净亮丽，美观，拎包入住,,,1550,https://beijing.baixing.com/zhengzu/a1954233288.html?from=vip
大兴-旧宫.东亚五环国际，主卧室，新装修 拎包入住,,,1950,https://beijing.baixing.com/zhengzu/a1952104573.html?from=vip
大兴-旧宫.宣颐家园 2室1厅89平米 精装修 拎包入住,116.46230272028,39.819506402833,5200,https://beijing.baixing.com/zhengzu/a1948699697.html?from=vip
大兴-旧宫.润枫锦尚 精装次卧室 拎包入住,116.4286063823,39.792647385977,1600,https://beijing.baixing.com/zhengzu/a1954223326.html?from=vip
大兴-旧宫.灵秀山庄 精装修3室 ， 位置好，期待您的入住,,,2000,https://beijing.baixing.com/zhengzu/a1952094392.html?from=vip
大兴-旧宫.清欣园 2室1厅96平米 精装修 押一付三,116.449074453,39.810860845344,4800,https://beijing.baixing.com/zhengzu/a1948700222.html?from=vip
大兴-旧宫.亦庄北岸 品质小区 成熟物业 精装全配 稍纵即逝,,,1650,https://beijing.baixing.com/zhengzu/a1952082335.html?from=vip
大兴-旧宫.亦庄北岸一居室 精装修 家具家电齐全,,,3600,https://beijing.baixing.com/zhengzu/a1948700546.html?from=vip
大兴-旧宫.庑殿家苑B区 2室1厅88平米 精装修 押一付三,116.42520180441,39.833369317033,4700,https://beijing.baixing.com/zhengzu/a1948701529.html?from=vip
大兴-旧宫.庑殿家苑A区精装，可长租短租，随时入住，拎包即可,,,4500,https://beijing.baixing.com/zhengzu/a1948702210.html?from=vip
大兴-旧宫 红星楼 二居室 首次出租 拎包入住 随时看房,116.43346474178,39.812448247842,3800,https://beijing.baixing.com/zhengzu/a1945983808.html?from=vip
大兴-旧宫.润星家园 2室1厅88平米 精装修 地铁物业,116.45027262996,39.822340542108,5200,https://beijing.baixing.com/zhengzu/a1948702908.html?from=vip
大兴-旧宫.清和园 好房出租 拎包即住 无哦 白领的选择,116.44080787649,39.813594680389,1500,https://beijing.baixing.com/zhengzu/a1952225499.html?from=vip
"大兴-旧宫.云龙家园两居室。好房出租,,随时入住",116.44080787649,39.813594680389,4600,https://beijing.baixing.com/zhengzu/a1948627046.html?from=vip
西山甲一号全齐 有钥匙看房方便距14号线地铁300,116.19299602839,39.866830112807,3200,https://beijing.baixing.com/zhengzu/a2038838102.html?from=vip
后海四合院出租 什刹海四合院出租 租四合院 四合院出租,,,105000,https://beijing.baixing.com/zhengzu/a2059800246.html?from=vip
西城四合院出租 金宝街四合院出租 租四合院,,,335000,https://beijing.baixing.com/zhengzu/a2063337141.html?from=vip
东四东单四合院独院办公会所四合院出租,,,90000,https://beijing.baixing.com/zhengzu/a2064376428.html?from=vip
金融街四合院出租 西城四合院出租 租四合院,,,45000,https://beijing.baixing.com/zhengzu/a2064374554.html?from=vip
府右街四合院出租 西城四合院出租 北京四合院出租,,,60000,https://beijing.baixing.com/zhengzu/a2064347912.html?from=vip
西城四合院出租 西四四合院出租 租售四合院110套,,,45000,https://beijing.baixing.com/zhengzu/a2064343836.html?from=vip
南锣鼓巷什刹海地铁地安门荷花市场小经厂胡同精装平房复式,,,4000,https://beijing.baixing.com/zhengzu/a2045377759.html?from=vip
崇文门忠实里广渠门白桥大街华市东三条国信精装两居室,116.44463020597,39.904782950062,6700,https://beijing.baixing.com/zhengzu/a2030872283.html?from=vip
灯市口 东直门东四十条平房复式 面积大 看房方便,,,4900,https://beijing.baixing.com/zhengzu/a2045133998.html?from=vip
东四十四条簋街北新桥交道口新太仓东直门东方银座后永康二巷平房,116.42907175533,39.951461951139,9500,https://beijing.baixing.com/zhengzu/a2035246768.html?from=vip
酒仙桥附近房屋出租，酒仙桥附近优质房源,,,2900,https://beijing.baixing.com/zhengzu/a2074774906.html?from=vip
小黄庄前街麣号院 双周保洁 宽敞大方 南北向 交通便利,116.41944501355,39.970365505703,4500,https://beijing.baixing.com/zhengzu/a2044337066.html?from=vip
整租·天润别墅 4室3厅 南/北,,,13000,https://beijing.baixing.com/zhengzu/a2072043348.html?from=vip
朝阳门 东直门 朝内大街 精装一居邻银河SOHO 灯市口,116.43275882987,39.930461033321,5700,https://beijing.baixing.com/zhengzu/a2039950186.html?from=vip
东单 金宝街 协和医院 新东安市场 礼士胡同 演乐胡同独院,116.42817816216,39.926733590309,16800,https://beijing.baixing.com/zhengzu/a2038732577.html?from=vip
4号线新宫站大三居出租,116.37470553644,39.812648087428,6300,https://beijing.baixing.com/zhengzu/a2012943954.html?from=vip
新宫地铁站附近精装修一居,116.37539795033,39.813049841528,3900,https://beijing.baixing.com/zhengzu/a2057765134.html?from=vip
东单 前门 崇文门 东交民巷 天安 灯市口不临街,,,7600,https://beijing.baixing.com/zhengzu/a2035551295.html?from=vip
华威西里精装修两居室 随时看房 拎包入住,116.46125350856,39.879178775689,5200,https://beijing.baixing.com/zhengzu/a2030273146.html?from=vip
东直门外大街两居带电梯 春秀路 幸福二村 三里屯 工体,116.4588722668,39.946621360704,7500,https://beijing.baixing.com/zhengzu/a2030172113.html?from=vip
地铁房北河沿大街散盘(东城/崇文-王府井)1厅 精装修,116.41768381045,39.92963075972,6200,https://beijing.baixing.com/zhengzu/a2025827860.html?from=vip
国贸京广桥呼家楼中央电视台人民日报社 红庙 新街大院精装一居,116.47515300664,39.921463328605,5600,https://beijing.baixing.com/zhengzu/a2026901052.html?from=vip
东交民巷正义路台基厂前门东大街 精装一居室,116.41166094792,39.911321275793,5500,https://beijing.baixing.com/zhengzu/a2029390541.html?from=vip
呼家楼 东大桥地铁 复星 朝外 央视新址 关东店北街精装独卫,116.45659054299,39.916495006642,6000,https://beijing.baixing.com/zhengzu/a2029381415.html?from=vip
天坛东门地铁万福大厦东四块玉红桥市场磁器口元隆大厦附近一居室,116.40842222449,39.881712476819,3600,https://beijing.baixing.com/zhengzu/a2026910836.html?from=vip
东单 前门 崇文门西大街 南向大两居 电梯直达,116.41908712637,39.906886822791,7500,https://beijing.baixing.com/zhengzu/a2026916821.html?from=vip
市场街小区 精装两居室 东大桥 工人体育场 朝阳公园,116.44742800143,39.926234901177,8900,https://beijing.baixing.com/zhengzu/a2026932735.html?from=vip
地铁房灵光西巷(东城/崇文-安定门) 普通住宅1厅 精装修,116.41338243344,39.954850323734,5000,https://beijing.baixing.com/zhengzu/a2026978353.html?from=vip
地铁房北新桥后永康二巷(东城/崇文-北新桥)1厅 精装修,116.42907175533,39.951461951139,2800,https://beijing.baixing.com/zhengzu/a2026961976.html?from=vip
朝阳门 东直门 朝内大街 精装一居 拎包入住,116.43275882987,39.930461033321,5200,https://beijing.baixing.com/zhengzu/a2028072029.html?from=vip
金台路十里堡红领巾桥甜水园道家园石佛营八里庄东里北巷,116.50371522411,39.925848381246,3100,https://beijing.baixing.com/zhengzu/a2035561867.html?from=vip
小黄庄前街乙2号院急速维修 无物业费 南北通透采光好 离地铁,,,4500,https://beijing.baixing.com/zhengzu/a2044351875.html?from=vip
十里河地铁沿线华威西里精装修一居室 随时看房 拎包入住,116.46125350856,39.879178775689,5200,https://beijing.baixing.com/zhengzu/a2044562365.html?from=vip
天桥 天坛公园 永定门路体育场天坛西里精装一居,116.40842222449,39.881712476819,3500,https://beijing.baixing.com/zhengzu/a2044326676.html?from=vip
十里河地铁沿线华威西里精装修两居室 随时看房 拎包入住,116.46171865579,39.884444942277,6000,https://beijing.baixing.com/zhengzu/a2044321108.html?from=vip
崇文门西大街 商务部 公安部东交民巷 精致一居 前门东大街,116.41067961809,39.907043172602,5400,https://beijing.baixing.com/zhengzu/a2043440146.html?from=vip
新街大院精装一居紧邻央视电视台 中国尊 人民日报社,116.47515300664,39.921463328605,5500,https://beijing.baixing.com/zhengzu/a2043474506.html?from=vip
朝阳门悠唐中粮儿研所三丰里雅宝路中国人寿附近朝外市场街,116.44742800143,39.926234901177,1800,https://beijing.baixing.com/zhengzu/a2043271264.html?from=vip
金台路 延静里 金台里 红庙北里简装一间平房,116.48554506244,39.925405075031,2900,https://beijing.baixing.com/zhengzu/a2043264043.html?from=vip
鼓楼东大街大经厂附近小经厂胡同平房精装紧挨南锣鼓巷看房随时,116.41149802478,39.949748748343,1800,https://beijing.baixing.com/zhengzu/a2043266652.html?from=vip
磁器口 嘉禾 鑫金旺 东玖大厦 新世界百货 尼奥大厦附近,,,1800,https://beijing.baixing.com/zhengzu/a2043280287.html?from=vip
整租·尚东庭 4室2厅 跃层 南/北,116.69280701583,39.938625065017,8800,https://beijing.baixing.com/zhengzu/a2049919237.html?from=vip
松榆西里 农光里 垂杨柳东里 华威西里 潘家园,116.47354156368,39.878661625299,2300,https://beijing.baixing.com/zhengzu/a2040991216.html?from=vip
新街大院精装一居紧邻人民日报社 央视电视台 中国尊,116.47515300664,39.921463328605,5500,https://beijing.baixing.com/zhengzu/a2040985012.html?from=vip
朝阳门 三丰里 朝外市场街 雅宝里悠唐 昆泰拎包入住,116.44742800143,39.926234901177,3000,https://beijing.baixing.com/zhengzu/a2040972471.html?from=vip
整租·北京ONE 2室1厅 西南,116.66448336675,39.912972649446,7300,https://beijing.baixing.com/zhengzu/a2047331351.html?from=vip
整租·京杭府 3室2厅 南/北,,,13200,https://beijing.baixing.com/zhengzu/a2047330203.html?from=vip
整租·中建红杉溪谷 4室2厅 南/北,,,15500,https://beijing.baixing.com/zhengzu/a2047329154.html?from=vip
地铁房关东店北街(朝阳-东大桥) 普通住宅1厅 精装修,116.45659054299,39.916495006642,6000,https://beijing.baixing.com/zhengzu/a2039953336.html?from=vip
呼家楼 金台夕照 新街大院精装一居室 南向带阳台 看房有钥匙,116.47679319663,39.918980305832,5500,https://beijing.baixing.com/zhengzu/a2040125559.html?from=vip
正规南向一居室 崇文门 采光好 拎包入住 看房方便,116.41067961809,39.907043172602,5600,https://beijing.baixing.com/zhengzu/a2039971551.html?from=vip
天坛西里东区 中装一居 紧邻永定门公园 首都图书馆 珠市口,116.40842222449,39.881712476819,3600,https://beijing.baixing.com/zhengzu/a2038702708.html?from=vip
交道口雍和宫大街簋街北新桥附近方家胡同复式外带天台,116.41857573141,39.950344717602,5300,https://beijing.baixing.com/zhengzu/a2038686399.html?from=vip
东四十条桥***路朝内小区东四十四条小学钱粮胡同东四六条平房,116.43077022984,39.939075870788,3300,https://beijing.baixing.com/zhengzu/a2026968082.html?from=vip
安定门外 安华西里 甘水桥 小黄庄一区 精装一居,,,4500,https://beijing.baixing.com/zhengzu/a2030037901.html?from=vip
石佛营金台十里堡红领巾八里庄东里北巷次卧家具家电齐全,116.50371522411,39.925848381246,1800,https://beijing.baixing.com/zhengzu/a2035563176.html?from=vip
南锣鼓巷东四十条美术馆后街宽街***路东四九条平房复式,116.43077022984,39.939075870788,4900,https://beijing.baixing.com/zhengzu/a2035554207.html?from=vip
鼓楼东大街 大经厂胡同 精装复试紧挨南锣鼓巷 看房随时,116.41017661326,39.94896016483,3600,https://beijing.baixing.com/zhengzu/a2035236202.html?from=vip
整租·天润别墅 4室3厅 南/北,,,11000,https://beijing.baixing.com/zhengzu/a2044185897.html?from=vip
整租·天润别墅 6室3厅 南/北,,,16500,https://beijing.baixing.com/zhengzu/a2044183059.html?from=vip
整租·富力运河十号 4室1厅 南/北,116.69027065023,39.917566070614,11000,https://beijing.baixing.com/zhengzu/a2044180328.html?from=vip
整租·富力运河十号 3室1厅 南,116.69027065023,39.917566070614,8500,https://beijing.baixing.com/zhengzu/a2044173695.html?from=vip
整租·富力运河十号 3室1厅 南/北,116.69027065023,39.917566070614,7800,https://beijing.baixing.com/zhengzu/a2044170087.html?from=vip
整租·富力运河十号 3室1厅 南,116.69027065023,39.917566070614,7000,https://beijing.baixing.com/zhengzu/a2044164194.html?from=vip
整租·富力运河十号 4室1厅 南/北,116.69027065023,39.917566070614,11700,https://beijing.baixing.com/zhengzu/a2043898713.html?from=vip
整租·百合湾 2室1厅 南,116.69520845595,39.914024093257,5500,https://beijing.baixing.com/zhengzu/a2043890973.html?from=vip
整租·百合湾 3室2厅 南/北,116.69520845595,39.914024093257,7000,https://beijing.baixing.com/zhengzu/a2043887907.html?from=vip
整租·百合湾 3室3厅 南/北,,,16000,https://beijing.baixing.com/zhengzu/a2043885636.html?from=vip
整租·北京ONE 2室2厅 东,116.66448336675,39.912972649446,7500,https://beijing.baixing.com/zhengzu/a2043880143.html?from=vip
整租·北京ONE 2室1厅 西南,116.66448336675,39.912972649446,7000,https://beijing.baixing.com/zhengzu/a2043878299.html?from=vip
整租·北京ONE 3室2厅 东/南/北,116.66448336675,39.912972649446,11700,https://beijing.baixing.com/zhengzu/a2043875963.html?from=vip
整租·北京ONE 2室1厅 西北,116.66448336675,39.912972649446,6300,https://beijing.baixing.com/zhengzu/a2043873218.html?from=vip
整租·北京ONE 3室2厅 西南,116.66448336675,39.912972649446,9500,https://beijing.baixing.com/zhengzu/a2043872402.html?from=vip
整租·北京ONE 3室2厅 东/南/西,116.66448336675,39.912972649446,11500,https://beijing.baixing.com/zhengzu/a2043869485.html?from=vip
整租·京杭府 3室2厅 南/北,,,12600,https://beijing.baixing.com/zhengzu/a2043862788.html?from=vip
整租·月亮城堡 3室2厅 南/北,,,18000,https://beijing.baixing.com/zhengzu/a2043840115.html?from=vip
整租·北京ONE 3室2厅 东/南/北,116.66448336675,39.912972649446,12000,https://beijing.baixing.com/zhengzu/a2043832147.html?from=vip
整租·月亮城堡 3室2厅 南/北,,,11500,https://beijing.baixing.com/zhengzu/a2043438678.html?from=vip
地铁房 辉煌国际45平米 包物业空调 随时看,116.30783005358,40.05928447754,4500,https://beijing.baixing.com/zhengzu/a1845692094.html?from=vip
地铁房辉煌国际(海淀-上地) 公寓1厅 精装修,116.30894045922,40.059666035797,5500,https://beijing.baixing.com/zhengzu/a1846884851.html?from=vip
地铁房辉煌国际(海淀-上地) 公寓1厅 简单装修,116.30894045922,40.059666035797,4500,https://beijing.baixing.com/zhengzu/a1869425964.html?from=vip
地铁房辉煌国际广场(海淀-西二旗)0厅 精装修包物,116.30779789981,40.05945294852,4500,https://beijing.baixing.com/zhengzu/a1828881131.html?from=vip
整租·北京ONE 3室2厅 东/南/北,116.66448336675,39.912972649446,11500,https://beijing.baixing.com/zhengzu/a2037984843.html?from=vip
东四地铁仓南胡同军区医院东四六条东四北大街朝内北小街平房复式,116.43748886698,39.928273752928,4800,https://beijing.baixing.com/zhengzu/a2036434466.html?from=vip
十里堡 京棉新城 海华堂 八里庄东里北巷精装三居室拎包入住,116.50371522411,39.925848381246,8700,https://beijing.baixing.com/zhengzu/a2036424735.html?from=vip
松榆西里 农光里 垂杨柳东里 华威西里 潘家园眼镜城随时入住,116.46678077325,39.88255594306,2200,https://beijing.baixing.com/zhengzu/a2036414730.html?from=vip
朝内大街精装一居室临近朝阳门地铁站 银河SOHO,116.43275882987,39.930461033321,5500,https://beijing.baixing.com/zhengzu/a2026874278.html?from=vip
崇文门 正义路东交民巷 磁器口新景家园 国瑞城前门东大街一居,,,5700,https://beijing.baixing.com/zhengzu/a2026889776.html?from=vip
地铁房东直门内大街(东城/崇文-东直门)1厅 精装修,116.43527864023,39.947048458583,16999,https://beijing.baixing.com/zhengzu/a2026995274.html?from=vip
朝阳朝外大街 拎包入住 三丰里 雅宝里朝外市场街,116.44742800143,39.926234901177,3900,https://beijing.baixing.com/zhengzu/a2027990239.html?from=vip
王俯井灯市口北河沿妇产医院附近 精装南向一居,116.41768381045,39.92963075972,6100,https://beijing.baixing.com/zhengzu/a2028054681.html?from=vip
呼家楼地铁京广中心东大桥向军南里关东店呼家楼北街附近精装一居,116.45659054299,39.916495006642,6000,https://beijing.baixing.com/zhengzu/a2028080231.html?from=vip
四号线新宫站精装修南北通透大两居,116.37470553644,39.812648087428,4800,https://beijing.baixing.com/zhengzu/a2006577356.html?from=vip
"朝内大街79号院 , 精装修, 小龤居 ,适合上班族",116.43275882987,39.930461033321,5200,https://beijing.baixing.com/zhengzu/a2029210446.html?from=vip
松榆西里精装两居室 潘家园地铁 首都图书馆旧货市场附近,116.47354156368,39.878661625299,5800,https://beijing.baixing.com/zhengzu/a2027079732.html?from=vip
单间 将台  颐堤港  兆维大厦  芳园里精装单间出租,116.48897916003,39.976317409858,2900,https://beijing.baixing.com/zhengzu/a2026921029.html?from=vip
4号线新宫站精装修大两居,116.37470553644,39.812648087428,5500,https://beijing.baixing.com/zhengzu/a2024645397.html?from=vip
四号线新宫站精装修全南向一居,116.37470553644,39.812648087428,3700,https://beijing.baixing.com/zhengzu/a2006565742.html?from=vip
四号线新宫站精美大次卧,116.38181185167,39.815647780371,1800,https://beijing.baixing.com/zhengzu/a2006584406.html?from=vip
四号线新宫站精装修一居,116.37470553644,39.812648087428,3700,https://beijing.baixing.com/zhengzu/a2006560540.html?from=vip
四号线新宫站精装修一居,116.37470553644,39.812648087428,3900,https://beijing.baixing.com/zhengzu/a2006595277.html?from=vip
四号线新宫站精装修一居,116.37470553644,39.812648087428,3700,https://beijing.baixing.com/zhengzu/a2006593219.html?from=vip
地铁房辉煌国际公寓 精装 包物业空调基础费,116.31284907241,40.050919381917,5500,https://beijing.baixing.com/zhengzu/a1838528116.html?from=vip
我们就是房东！不是中介！不收任何中介费,116.41819482221,40.13313501488,850,https://beijing.baixing.com/zhengzu/a1837735199.html?from=vip
天通苑北二区(昌平-天通苑) 公寓2厅 简单装修,116.43162276866,40.082979586143,850,https://beijing.baixing.com/zhengzu/a1837740839.html?from=vip
真实照片、真实介绍，请看完再给我打电话,116.42332003403,40.091575616542,1300,https://beijing.baixing.com/zhengzu/a1837744805.html?from=vip
地铁房天通苑本六区(昌平-天通苑)1厅 简单装修,116.42608574301,40.069755023808,1300,https://beijing.baixing.com/zhengzu/a1837747832.html?from=vip
真实房源，交通便利，押一付一,116.42267023576,40.068559399558,1300,https://beijing.baixing.com/zhengzu/a1837750220.html?from=vip
地铁房天通苑西三区(昌平-天通苑)1厅 精装修,116.41536309114,40.082539101754,1300,https://beijing.baixing.com/zhengzu/a1837811232.html?from=vip
天通苑北二区(昌平-天通苑) 公寓1厅 精装修,116.43162276866,40.082979586143,1300,https://beijing.baixing.com/zhengzu/a1837811783.html?from=vip
地铁房天通苑北一区(昌平-天通苑)1厅 简单装修,116.42386548209,40.083132406475,1300,https://beijing.baixing.com/zhengzu/a1837746938.html?from=vip
天通苑北二区(昌平-天通苑) 公寓1厅 简单装修,116.43162276866,40.082979586143,850,https://beijing.baixing.com/zhengzu/a1837739561.html?from=vip
精品公寓温泉花园A区(昌平-北七家)，,116.41819482221,40.13313501488,850,https://beijing.baixing.com/zhengzu/a1636714180.html?from=vip
地铁房天通苑东三区(昌平-天通苑)1厅 中等装修,116.42406070812,40.068930342026,850,https://beijing.baixing.com/zhengzu/a1837738493.html?from=vip
真实照片、真实介绍，请看完再给我打电真实照片、真实,116.42608574301,40.069755023808,1300,https://beijing.baixing.com/zhengzu/a1837746157.html?from=vip
天通苑北二区(昌平-天通苑) 公寓1厅 简单装修,116.42267023576,40.068559399558,1300,https://beijing.baixing.com/zhengzu/a1837748495.html?from=vip
地铁房天通苑本六区(昌平-天通苑)1厅 精装修,116.42608574301,40.069755023808,1300,https://beijing.baixing.com/zhengzu/a1837812590.html?from=vip
